CREATE TABLE `customer_product` (
  `customer_product_id` int(11) NOT NULL,
  `rating_num` int(11) NOT NULL DEFAULT '0',
  `rating_total` int(11) NOT NULL DEFAULT '0',
  `rating_user` longtext NOT NULL,
  `title` longtext NOT NULL,
  `added_by` int(11) DEFAULT NULL,
  `category` int(11) NOT NULL,
  `description` longtext NOT NULL,
  `prod_condition` varchar(10) NOT NULL,
  `location` longtext NOT NULL,
  `sub_category` int(11) NOT NULL,
  `num_of_imgs` varchar(100) NOT NULL,
  `sale_price` decimal(20,2) NOT NULL DEFAULT '0.00',
  `add_timestamp` longtext NOT NULL,
  `tag` longtext,
  `status` longtext NOT NULL,
  `admin_status` varchar(10) NOT NULL,
  `front_image` longtext,
  `brand` longtext,
  `unit` longtext,
  `additional_fields` longtext NOT NULL,
  `number_of_view` int(11) NOT NULL DEFAULT '0',
  `discount` varchar(20) NOT NULL DEFAULT '0.00',
  `discount_type` longtext NOT NULL,
  `tax` varchar(20) NOT NULL DEFAULT '0.00',
  `tax_type` longtext NOT NULL,
  `color` longtext,
  `options` longtext,
  `main_image` varchar(100) NOT NULL DEFAULT '0',
  `update_time` longtext,
  `last_viewed` int(200) DEFAULT NULL,
  `is_sold` varchar(10) NOT NULL
) ENGINE=MyISAM DEFAULT CHARSET=utf8;

INSERT INTO `customer_product` (`customer_product_id`, `rating_num`, `rating_total`, `rating_user`, `title`, `added_by`, `category`, `description`, `prod_condition`, `location`, `sub_category`, `num_of_imgs`, `sale_price`, `add_timestamp`, `tag`, `status`, `admin_status`, `front_image`, `brand`, `unit`, `additional_fields`, `number_of_view`, `discount`, `discount_type`, `tax`, `tax_type`, `color`, `options`, `main_image`, `update_time`, `last_viewed`, `is_sold`) VALUES
(1, 0, 0, '[]', 'iPhone X', 7, 16, '<p>\r\n\r\nNETWORK<a target=\"_blank\" rel=\"nofollow\" href=\"https://www.gsmarena.com/network-bands.php3\">Technology</a><a target=\"_blank\" rel=\"nofollow\" href=\"https://www.gsmarena.com/apple_iphone_x-8858.php#\" title=\"Link: https://www.gsmarena.com/apple_iphone_x-8858.php#\">GSM / HSPA / LTE</a>LAUNCH<a target=\"_blank\" rel=\"nofollow\" href=\"https://www.gsmarena.com/glossary.php3?term=phone-life-cycle\" title=\"Link: https://www.gsmarena.com/glossary.php3?term=phone-life-cycle\">Announced</a>2017, September<a target=\"_blank\" rel=\"nofollow\" href=\"https://www.gsmarena.com/glossary.php3?term=phone-life-cycle\">Status</a>Available. Released 2017, OctoberBODY<a target=\"_blank\" rel=\"nofollow\" href=\"https://www.gsmarena.com/apple_iphone_x-8858.php#\">Dimensions</a>143.6 x 70.9 x 7.7 mm (5.65 x 2.79 x 0.30 in)<a target=\"_blank\" rel=\"nofollow\" href=\"https://www.gsmarena.com/apple_iphone_x-8858.php#\">Weight</a>174 g (6.14 oz)<a target=\"_blank\" rel=\"nofollow\" href=\"https://www.gsmarena.com/glossary.php3?term=build\" title=\"Link: https://www.gsmarena.com/glossary.php3?term=build\">Build</a>Front/back glass, stainless steel frame<a target=\"_blank\" rel=\"nofollow\" href=\"https://www.gsmarena.com/glossary.php3?term=sim\">SIM</a>Nano-SIM - IP67 certified - dust/water resistant (up to 1m for 30 mins)<br>- Apple Pay (Visa, MasterCard, AMEX certified)DISPLAY<a target=\"_blank\" rel=\"nofollow\" href=\"https://www.gsmarena.com/glossary.php3?term=display-type\">Type</a>Super AMOLED capacitive touchscreen, 16M colors<a target=\"_blank\" rel=\"nofollow\" href=\"https://www.gsmarena.com/apple_iphone_x-8858.php#\">Size</a>5.8 inches, 84.4 cm2 (~82.9% screen-to-body ratio)<a target=\"_blank\" rel=\"nofollow\" href=\"https://www.gsmarena.com/glossary.php3?term=resolution\" title=\"Link: https://www.gsmarena.com/glossary.php3?term=resolution\">Resolution</a>1125 x 2436 pixels, 19.5:9 ratio (~458 ppi density)<a target=\"_blank\" rel=\"nofollow\" href=\"https://www.gsmarena.com/glossary.php3?term=multitouch\">Multitouch</a>Yes<a target=\"_blank\" rel=\"nofollow\" href=\"https://www.gsmarena.com/glossary.php3?term=screen-protection\" title=\"Link: https://www.gsmarena.com/glossary.php3?term=screen-protection\">Protection</a>Scratch-resistant glass, oleophobic coating - Dolby Vision/HDR10 compliant<br>- Wide color gamut display<br>- 3D Touch display<br>- True-tone displayPLATFORM<a target=\"_blank\" rel=\"nofollow\" href=\"https://www.gsmarena.com/glossary.php3?term=os\" title=\"Link: https://www.gsmarena.com/glossary.php3?term=os\">OS</a>iOS 11.1.1, upgradable to iOS 11.3<a target=\"_blank\" rel=\"nofollow\" href=\"https://www.gsmarena.com/glossary.php3?term=chipset\">Chipset</a>Apple A11 Bionic<a target=\"_blank\" rel=\"nofollow\" href=\"https://www.gsmarena.com/glossary.php3?term=cpu\">CPU</a>Hexa-core 2.39 GHz (2x Monsoon + 4x Mistral)<a target=\"_blank\" rel=\"nofollow\" href=\"https://www.gsmarena.com/glossary.php3?term=gpu\">GPU</a>Apple GPU (three-core graphics)MEMORY<a target=\"_blank\" rel=\"nofollow\" href=\"https://www.gsmarena.com/glossary.php3?term=memory-card-slot\">Card slot</a>No<a target=\"_blank\" rel=\"nofollow\" href=\"https://www.gsmarena.com/glossary.php3?term=dynamic-memory\">Internal</a>64/256 GB, 3 GB RAMCAMERA<a target=\"_blank\" rel=\"nofollow\" href=\"https://www.gsmarena.com/glossary.php3?term=camera\">Primary</a>Dual: 12 MP (f/1.8, 28mm) + 12 MP (f/2.4, 52mm), OIS, phase detection autofocus, 2x optical zoom, quad-LED dual-tone flash, <a target=\"_blank\" rel=\"nofollow\" href=\"https://www.gsmarena.com/piccmp.php3?idType=1&idPhone1=8858&nSuggest=1\" title=\"Link: https://www.gsmarena.com/piccmp.php3?idType=1&idPhone1=8858&nSuggest=1\">check quality</a><a target=\"_blank\" rel=\"nofollow\" href=\"https://www.gsmarena.com/glossary.php3?term=camera\">Features</a>Geo-tagging, simultaneous 4K video and 8MP image recording, touch focus, face/smile detection, HDR (photo/panorama)<a target=\"_blank\" rel=\"nofollow\" href=\"https://www.gsmarena.com/glossary.php3?term=camera\" title=\"Link: https://www.gsmarena.com/glossary.php3?term=camera\">Video</a>2160p@24/30/60fps, 1080p@30/60/120/240fps, <a target=\"_blank\" rel=\"nofollow\" href=\"https://www.gsmarena.com/vidcmp.php3?idType=3&idPhone1=8858&nSuggest=1\" title=\"Link: https://www.gsmarena.com/vidcmp.php3?idType=3&idPhone1=8858&nSuggest=1\">check quality</a><a target=\"_blank\" rel=\"nofollow\" href=\"https://www.gsmarena.com/glossary.php3?term=video-call\">Secondary</a>7 MP (f/2.2, 32mm), 1080p@30fps, 720p@240fps, face detection, HDRSOUND<a target=\"_blank\" rel=\"nofollow\" href=\"https://www.gsmarena.com/glossary.php3?term=call-alerts\">Alert types</a>Vibration, proprietary ringtones<a target=\"_blank\" rel=\"nofollow\" href=\"https://www.gsmarena.com/glossary.php3?term=loudspeaker\" title=\"Link: https://www.gsmarena.com/glossary.php3?term=loudspeaker\">Loudspeaker</a>Yes, with stereo speakers<a target=\"_blank\" rel=\"nofollow\" href=\"https://www.gsmarena.com/glossary.php3?term=audio-jack\" title=\"Link: https://www.gsmarena.com/glossary.php3?term=audio-jack\">3.5mm jack</a>No - Active noise cancellation with dedicated mic<br>- Lightning to 3.5 mm headphone jack adapterCOMMS<a target=\"_blank\" rel=\"nofollow\" href=\"https://www.gsmarena.com/glossary.php3?term=wi-fi\" title=\"Link: https://www.gsmarena.com/glossary.php3?term=wi-fi\">WLAN</a>Wi-Fi 802.11 a/b/g/n/ac, dual-band, hotspot<a target=\"_blank\" rel=\"nofollow\" href=\"https://www.gsmarena.com/glossary.php3?term=bluetooth\">Bluetooth</a>5.0, A2DP, LE<a target=\"_blank\" rel=\"nofollow\" href=\"https://www.gsmarena.com/glossary.php3?term=gps\">GPS</a>Yes, with A-GPS, GLONASS, GALILEO, QZSS<a target=\"_blank\" rel=\"nofollow\" href=\"https://www.gsmarena.com/glossary.php3?term=nfc\">NFC</a>Yes<a target=\"_blank\" rel=\"nofollow\" href=\"https://www.gsmarena.com/glossary.php3?term=fm-radio\" title=\"Link: https://www.gsmarena.com/glossary.php3?term=fm-radio\">Radio</a>No<a target=\"_blank\" rel=\"nofollow\" href=\"https://www.gsmarena.com/glossary.php3?term=usb\">USB</a>2.0, proprietary reversible connectorFEATURES<a target=\"_blank\" rel=\"nofollow\" href=\"https://www.gsmarena.com/glossary.php3?term=sensors\" title=\"Link: https://www.gsmarena.com/glossary.php3?term=sensors\">Sensors</a>Face ID, accelerometer, gyro, proximity, compass, barometer<a target=\"_blank\" rel=\"nofollow\" href=\"https://www.gsmarena.com/glossary.php3?term=messaging\">Messaging</a>iMessage, SMS(threaded view), MMS, Email, Push Email<a target=\"_blank\" rel=\"nofollow\" href=\"https://www.gsmarena.com/glossary.php3?term=browser\" title=\"Link: https://www.gsmarena.com/glossary.php3?term=browser\">Browser</a>HTML5 (Safari) - Fast battery charging: 50% in 30 min<br>- Qi wireless charging<br>- Siri natural language commands and dictation<br>- iCloud cloud service<br>- MP3/WAV/AAX+/AIFF/Apple Lossless player<br>- MP4/H.265 player<br>- Audio/video/photo editor<br>- Document editorBATTERY Non-removable Li-Ion 2716 mAh battery (10.35 Wh)<a target=\"_blank\" rel=\"nofollow\" href=\"https://www.gsmarena.com/glossary.php3?term=talk-time\">Talk time</a>Up to 21 h (3G)<a target=\"_blank\" rel=\"nofollow\" href=\"https://www.gsmarena.com/glossary.php3?term=music-playback-time\">Music play</a>Up to 60 hMISC<a target=\"_blank\" rel=\"nofollow\" href=\"https://www.gsmarena.com/glossary.php3?term=build\" title=\"Link: https://www.gsmarena.com/glossary.php3?term=build\">Colors</a>Space Gray, Silver<a target=\"_blank\" rel=\"nofollow\" href=\"https://www.gsmarena.com/glossary.php3?term=price\">Price</a>About 1000 EURTESTS<a target=\"_blank\" rel=\"nofollow\" href=\"https://www.gsmarena.com/glossary.php3?term=benchmarking\">Performance</a><a target=\"_blank\" rel=\"nofollow\" href=\"https://www.gsmarena.com/benchmark-test.php3?idPhone=8858#show\">Basemark OS II 2.0: 4708</a><a target=\"_blank\" rel=\"nofollow\" href=\"https://www.gsmarena.com/gsmarena_lab_tests-review-751p2.php\">Display</a><a target=\"_blank\" rel=\"nofollow\" href=\"https://www.gsmarena.com/apple_iphone_x-review-1681p3.php#dt\">Contrast ratio: Infinity (nominal), 5.013 (sunlight)</a><a target=\"_blank\" rel=\"nofollow\" href=\"https://www.gsmarena.com/gsmarena_lab_tests-review-751p5.php\" title=\"Link: https://www.gsmarena.com/gsmarena_lab_tests-review-751p5.php\">Camera</a><a target=\"_blank\" rel=\"nofollow\" href=\"https://www.gsmarena.com/piccmp.php3?idType=1&idPhone1=8858&nSuggest=1\">Photo</a> / <a target=\"_blank\" rel=\"nofollow\" href=\"https://www.gsmarena.com/vidcmp.php3?idType=3&idPhone1=8858&nSuggest=1\">Video</a><a target=\"_blank\" rel=\"nofollow\" href=\"https://www.gsmarena.com/gsmarena_lab_tests-review-751p3.php\">Loudspeaker</a><a target=\"_blank\" rel=\"nofollow\" href=\"https://www.gsmarena.com/apple_iphone_x-review-1681p6.php#lt\" title=\"Link: https://www.gsmarena.com/apple_iphone_x-review-1681p6.php#lt\">Voice 68dB / Noise 74dB / Ring 76dB</a><a target=\"_blank\" rel=\"nofollow\" href=\"https://www.gsmarena.com/gsmarena_lab_tests-review-751p4.php\">Audio quality</a><a target=\"_blank\" rel=\"nofollow\" href=\"https://www.gsmarena.com/apple_iphone_x-review-1681p7.php#aq\">Noise -93.7dB / Crosstalk -82.8dB</a><a target=\"_blank\" rel=\"nofollow\" href=\"https://www.gsmarena.com/gsmarena_lab_tests-review-751p6.php\">Battery life</a><div><a target=\"_blank\" rel=\"nofollow\" href=\"https://www.gsmarena.com/apple_iphone_x-8858.php#\">Endurance rating 74h</a></div>\r\n\r\n<br></p>', 'new', 'Road 10, Sector 10, Uttara, Dhaka', 81, '2', '1000.00', '1526283076', NULL, 'ok', 'ok', '0', 'Apple', NULL, '{\"name\":\"[\\\"Display\\\",\\\"Front Camera\\\",\\\"RAM\\\",\\\"Battery\\\"]\",\"value\":\"[\\\"5.8 Inches\\\",\\\"12 MP\\\",\\\"3 GB\\\",\\\"2719 mAh\\\"]\"}', 96, '0.00', '', '0.00', '', NULL, NULL, '0', NULL, 1528097274, 'no'),
(2, 0, 0, '[]', 'T-Shirt', 7, 5, '<p>sdf lasdgfkasjdfj kjasdljfkhasd fkas dfhajs df</p>', 'new', 'Accusamus dolore et qui vel sed magni ipsum autem ducimus ad accusantium perferendis nostrud', 29, '1', '359.00', '1526296330', NULL, 'ok', 'ok', '0', 'Yellow', NULL, '{\"name\":\"[\\\"Size\\\"]\",\"value\":\"[\\\"S, M, L, XL\\\"]\"}', 50, '0.00', '', '0.00', '', NULL, NULL, '0', NULL, 1528094307, 'no'),
(5, 0, 0, '[]', 'Summer Shirt', 13, 5, '<p>Demo</p>', 'new', 'USA', 29, '1', '150.00', '1528016673', NULL, 'ok', 'ok', '0', 'levis', NULL, '{\"name\":\"null\",\"value\":\"null\"}', 1, '0.00', '', '0.00', '', NULL, NULL, '0', NULL, 1528016796, 'no'),
(6, 0, 0, '[]', 'Cocktail Party Dress', 15, 4, '<p><b>Zipper closure</b><br><b>Tag size: (XS Bust 32-33 inch),(S Bust 34-35 inch),(M Bust 36-37 inch),(L Bust 38.5-40 inch),(XL Bust 40.5-43 inch),(XXL Bust 43- 45 inch),</b><br><b>(XS Waist 24-25 inch),(S Waist 25-27 inch),(M Waist 27-29 inch),(L Waist 29-32 inch),(XL Waist 32-35 inch).(XXL Waist 35-38 inch).</b><br><b>Size update time:03/01/2017</b><br><b>Fabric: 100% polyester</b><br><b>Clothing length：XS-41.7\" /S-41.7\" / M-42.5\"./ L-43.3\"./ XL-44\"./ XXL-44\".</b><br></p>', 'new', 'USA', 8, '1', '40.00', '1528272203', NULL, 'ok', 'ok', '0', 'Dior', NULL, '{\"name\":\"[\\\"\\\"]\",\"value\":\"[\\\"\\\"]\"}', 1, '0.00', '', '0.00', '', NULL, NULL, '0', NULL, 1528272235, 'no'),
(4, 0, 0, '[]', 'Black T-Shirt', 7, 5, '<p>as dasd asdas d</p>', 'used', 'Perferendis rerum suscipit facere quidem voluptas', 27, '1', '626.00', '1527925598', NULL, 'ok', 'ok', '0', 'NewBrand', NULL, '{\"name\":\"[\\\"Size\\\",\\\"Fabric\\\"]\",\"value\":\"[\\\"M\\\",\\\"Cotton\\\"]\"}', 6, '0.00', '', '0.00', '', NULL, NULL, '0', NULL, 1528009978, 'no'),
(7, 0, 0, '[]', 'Nikon D850 DSLR', 15, 16, '<p><ul><li><b>Nikon-designed back-side illuminated (BSI) full-frame image sensor with no optical low-pass filter</b><br></li><li><b>45.7 megapixels of extraordinary resolution, outstanding dynamic range and virtually no risk of moiré</b><br></li><li><b>Up to 9 fps1 continuous shooting at full resolution with full AF performance</b><br></li><li><b>8K6 and 4K time-lapse movies with new levels of sharpness and detail</b><br></li><li><b>Tilting touchscreen, Focus Shift shooting mode, outstanding battery performance and much more</b><br></li><li><b>4K Ultra HD video recording, slow motion up to 120 FPS at 1080p</b><br></li></ul></p>', 'new', 'USA', 88, '4', '3296.95', '1528274120', NULL, 'ok', 'ok', '0', 'Nikon', NULL, '{\"name\":\"null\",\"value\":\"null\"}', 0, '0.00', '', '0.00', '', NULL, NULL, '0', NULL, NULL, 'no'),
(8, 0, 0, '[]', 'ASUS VivoBook', 16, 16, '<p><ul><li>8th Generation Intel Core i7-8550U (Turbo up to 4.0GHz) quad-core processor and dedicated NVIDIA GeForce MX150 graphics 2GB<br></li><li>8GB DDR4 RAM and 256GB SSD<br></li><li>14\" Full HD WideView display with up to 178° WideView and ASUS NanoEdge bezel for a stunning 77% screen-to-body ratio<br></li><li>Slim 12.8\" wide, 0.7\" thin and portable footprint with metal cover and backlit keyboard with fingerprint sensor<br></li><li>Comprehensive connections including USB 3.1 Type-C (Gen1), USB 3.0, USB 2.0, HDMI, & headphone/mic combo port<br></li></ul></p>', 'new', 'USA', 86, '1', '799.00', '1528274553', NULL, 'ok', 'ok', '0', 'Asus', NULL, '{\"name\":\"null\",\"value\":\"null\"}', 1, '0.00', '', '0.00', '', NULL, NULL, '0', NULL, 1528610369, 'no'),
(9, 0, 0, '[]', 'Women\'s Lace Flower Strappy High Heels', 16, 4, '<p><ul><li>Synthetic<br></li><li>lace flower surface<br></li><li>Heel measures approximately 6\"<br></li><li>Platform measures approximately 2.4\"<br></li></ul></p>', 'new', 'USA', 36, '2', '35.98', '1528277294', NULL, 'ok', 'ok', '0', '', NULL, '{\"name\":\"null\",\"value\":\"null\"}', 1, '0.00', '', '0.00', '', NULL, NULL, '0', NULL, 1528346152, 'no'),
(10, 0, 0, '[]', 'Mini Bluetooth Earbud', 17, 16, '<p>1.SAMLL - Wear comfortable, hidden, suitable for a variety of scenes<br>2. MULTIPOINT CONNECTION - At the same time connect 2 mobile phone<br>3.ENERGY CONSERVATION - Generally speaking, the battery can keep 3.5 hours life for all this similar products, but our products has a high capacity battery which 1.5 times than others.Premium quality lithium accumulator allows you listening audio on 30-40% volume about 7 hours and 6-8 hr talking time, 4.5 hr on full volume.<br>4. BLUETOOTH 4.1 & EDR TECHNOLOGY- Compatible with all Bluetooth-enabled devices. Instantly connected to your smartphone or tablet from up to 33 feet away.<br>5. MAGNETIC INDUCTIVE CHARGING - Never Have to fiddle with cords, you put it to charge and pick it up when you are ready to go<br></p>', 'new', 'USA', 83, '1', '25.99', '1528277760', NULL, 'ok', 'ok', '0', '', NULL, '{\"name\":\"null\",\"value\":\"null\"}', 1, '0.00', '', '0.00', '', NULL, NULL, '0', NULL, 1528610615, 'no'),
(11, 0, 0, '[]', 'Baebody Retinol Moisturizer Cream', 17, 17, '<p><ul><li>ACTIVE RETINOL - Our Retinol Cream Fights The Signs Of Aging With Active Retinol, Leaving Your Skin Smooth, Soft, and Glowing. Retinol\'s Age-Fighting Capabilities Can Help Diminish Most Signs of Aging Such As Wrinkles, Fine Lines, Uneven Skin Tone and Spots With Daily Long Term Use. Improves Skin Tone and Texture Around Your Face, Eye Area, and Neck While Working To Reduce Look of Discoloration, Acne, Sun Damage and Other Marks and Spots.<br></li><li>71% ORGANIC - Contains Natural and Organic Ingredients Such As Plant Derived Hyaluronic Acid, Wildcrafted Green Tea, Organic Jojoba Oil, Vitamin E, Vitamin B5 and Shea Butter.<br></li><li>SUPER ANTI AGING MOISTURIZER - Moisturize and Hydrate Dry Skin While Fighting Signs Of Aging. Use Day and Night to Reveal A Brighter and Younger Looking You.<br></li><li>ALL NATURAL, MADE IN THE USA - No Fillers, Harmful Fragrances, Dyes or Parabens. Our Products are CRUELTY FREE and Not Tested on Animals.<br></li></ul></p>', 'new', 'USA', 93, '3', '18.95', '1528278027', NULL, 'ok', 'ok', '0', '', NULL, '{\"name\":\"null\",\"value\":\"null\"}', 0, '0.00', '', '0.00', '', NULL, NULL, '0', NULL, NULL, 'no'),
(12, 0, 0, '[]', 'Omega Ocean Black Dial Watch', 18, 5, '<p><ul><li>Imported<br></li><li>Automatic-self-wind movement<br></li><li>Case diameter: 45.5 mm<br></li><li>Blackdial watch<br></li><li>Durable sapphire crystal protects watch from scratches,<br></li><li>Water-resistant to 600 M (2000 feet)<br></li></ul></p>', 'new', 'USA', 30, '1', '5170.00', '1528278415', NULL, 'ok', 'ok', '0', 'Omega', NULL, '{\"name\":\"null\",\"value\":\"null\"}', 0, '0.00', '', '0.00', '', NULL, NULL, '0', NULL, NULL, 'no'),
(13, 0, 0, '[]', 'Bose QuietComfort 35 (Series II)', 18, 16, '<p><ul><li>Noise-rejecting dual-microphone system for clear phone calls and voice access to your phone\'s default Virtual assistant, like Siri<br></li><li>Industry-leading wireless headphones let you adjust the level of noise cancellation to suit your environment<br></li><li>Volume-optimized EQ makes your music always sounds its best, whether you turn it up on an airplane, or turn it down while at the office<br></li><li>Bluetooth and NFC pairing with voice prompts for hassle-free wireless connections<br></li><li>Up to 20 hours of wireless play time from a rechargeable lithium-ion battery; up to 40 hours of listening in wired mode<br></li><li>Want to talk to Amazon Alexa on your headphones? Soon you can. With an upcoming software update to QC35 II headphones, you can ask Alexa to play music, hear the news, check weather and more<br></li></ul></p>', 'new', 'USA', 83, '3', '349.00', '1528278665', NULL, 'ok', 'ok', '0', '', NULL, '{\"name\":\"null\",\"value\":\"null\"}', 0, '0.00', '', '0.00', '', NULL, NULL, '0', NULL, NULL, 'no');

ALTER TABLE `customer_product`
  ADD PRIMARY KEY (`customer_product_id`);
ALTER TABLE `customer_product`
  MODIFY `customer_product_id` int(11) NOT NULL AUTO_INCREMENT, AUTO_INCREMENT=14;


CREATE TABLE `package` (
  `package_id` int(11) NOT NULL,
  `name` varchar(150) NOT NULL,
  `amount` decimal(10,0) NOT NULL,
  `upload_amount` int(11) NOT NULL,
  `image` longtext NOT NULL
) ENGINE=InnoDB DEFAULT CHARSET=latin1;

INSERT INTO `package` (`package_id`, `name`, `amount`, `upload_amount`, `image`) VALUES
(1, 'Default', '0', 2, '[{\"image\":\"plan_1.png\",\"thumb\":\"plan_1_thumb.png\"}]'),
(2, 'Bronze', '15', 10, '[{\"image\":\"plan_2.png\",\"thumb\":\"plan_2_thumb.png\"}]'),
(3, 'Silver', '25', 15, '[{\"image\":\"plan_3.png\",\"thumb\":\"plan_3_thumb.png\"}]'),
(4, 'Gold', '35', 20, '[{\"image\":\"plan_4.png\",\"thumb\":\"plan_4_thumb.png\"}]'),
(5, 'Platinum', '45', 25, '[{\"image\":\"plan_5.png\",\"thumb\":\"plan_5_thumb.png\"}]');

ALTER TABLE `package`
  ADD PRIMARY KEY (`package_id`);

ALTER TABLE `package`
  MODIFY `package_id` int(11) NOT NULL AUTO_INCREMENT, AUTO_INCREMENT=6;


CREATE TABLE `package_payment` (
  `package_payment_id` int(11) NOT NULL,
  `package_id` int(11) NOT NULL,
  `user_id` int(11) NOT NULL,
  `payment_type` varchar(30) NOT NULL,
  `payment_status` varchar(30) NOT NULL,
  `payment_details` longtext NOT NULL,
  `amount` int(11) NOT NULL,
  `purchase_datetime` int(11) NOT NULL,
  `payment_code` varchar(50) NOT NULL,
  `payment_timestamp` int(11) NOT NULL,
  `expire` varchar(20) NOT NULL,
  `expire_timestamp` int(11) NOT NULL
) ENGINE=InnoDB DEFAULT CHARSET=latin1;

INSERT INTO `package_payment` (`package_payment_id`, `package_id`, `user_id`, `payment_type`, `payment_status`, `payment_details`, `amount`, `purchase_datetime`, `payment_code`, `payment_timestamp`, `expire`, `expire_timestamp`) VALUES
(1, 2, 7, 'Paypal', 'pending', 'testing', 15, 1526809102, '', 1527663094, '', 0),
(2, 2, 7, 'Paypal', 'pending', 'testing 1234', 15, 1526809416, '', 1527663451, '', 0),
(3, 2, 7, 'Paypal', 'due', 'none', 15, 1526809510, '', 1527663535, '', 0),
(4, 2, 7, 'Paypal', 'due', 'none', 15, 1526809641, '', 1527663565, '', 0),
(5, 2, 7, 'Paypal', 'due', 'none', 15, 1527054416, '', 1527663607, '', 0),
(6, 2, 7, 'Paypal', 'due', 'none', 15, 1527054430, '', 0, '', 0),
(7, 2, 7, 'Paypal', 'due', 'none', 15, 1527054448, '', 0, '', 0),
(8, 2, 7, 'Wallet', 'paid', '', 15, 1527505100, '2018058', 1527505100, 'no', 0),
(9, 2, 7, 'Stripe', 'paid', 'User Info: \n{\"\\u0000*\\u0000_opts\":{\"headers\":[],\"apiKey\":\"sk_test_NYIpPjs6gbmuogdwUuJ8She4\"},\"\\u0000*\\u0000_values\":{\"id\":\"cus_CwcODJSgJ33IwX\",\"object\":\"customer\",\"account_balance\":0,\"created\":1527505467,\"currency\":null,\"default_source\":\"card_1CWj9EKmGdRDZlHSZ0dVOt0f\",\"delinquent\":false,\"description\":null,\"discount\":null,\"email\":\"customer.demo@gmail.com\",\"invoice_prefix\":\"6C5D458\",\"livemode\":false,\"metadata\":{},\"shipping\":null,\"sources\":{},\"subscriptions\":{}},\"\\u0000*\\u0000_unsavedValues\":{},\"\\u0000*\\u0000_transientValues\":{},\"\\u0000*\\u0000_retrieveOptions\":[]}\n \n Charge Info: \n{\"\\u0000*\\u0000_opts\":{\"headers\":[],\"apiKey\":\"sk_test_NYIpPjs6gbmuogdwUuJ8She4\"},\"\\u0000*\\u0000_values\":{\"id\":\"ch_1CWj9LKmGdRDZlHSHxfgKBPm\",\"object\":\"charge\",\"amount\":1500,\"amount_refunded\":0,\"application\":null,\"application_fee\":null,\"balance_transaction\":\"txn_1CWj9MKmGdRDZlHS0E0rSwAI\",\"captured\":true,\"created\":1527505467,\"currency\":\"usd\",\"customer\":\"cus_CwcODJSgJ33IwX\",\"description\":null,\"destination\":null,\"dispute\":null,\"failure_code\":null,\"failure_message\":null,\"fraud_details\":[],\"invoice\":null,\"livemode\":false,\"metadata\":{},\"on_behalf_of\":null,\"order\":null,\"outcome\":{},\"paid\":true,\"receipt_email\":null,\"receipt_number\":null,\"refunded\":false,\"refunds\":{},\"review\":null,\"shipping\":null,\"source\":{},\"source_transfer\":null,\"statement_descriptor\":null,\"status\":\"succeeded\",\"transfer_group\":null},\"\\u0000*\\u0000_unsavedValues\":{},\"\\u0000*\\u0000_transientValues\":{},\"\\u0000*\\u0000_retrieveOptions\":[]}', 15, 1527505467, '2018059', 1527505467, 'no', 0),
(10, 2, 7, 'Stripe', 'paid', 'User Info: \n{\"\\u0000*\\u0000_opts\":{\"headers\":[],\"apiKey\":\"sk_test_NYIpPjs6gbmuogdwUuJ8She4\"},\"\\u0000*\\u0000_values\":{\"id\":\"cus_CxLBf86vTofKeu\",\"object\":\"customer\",\"account_balance\":0,\"created\":1527672118,\"currency\":null,\"default_source\":\"card_1CXQV9KmGdRDZlHSkj2ffaQQ\",\"delinquent\":false,\"description\":null,\"discount\":null,\"email\":\"customer.demo@gmail.com\",\"invoice_prefix\":\"81BD7F1\",\"livemode\":false,\"metadata\":{},\"shipping\":null,\"sources\":{},\"subscriptions\":{}},\"\\u0000*\\u0000_unsavedValues\":{},\"\\u0000*\\u0000_transientValues\":{},\"\\u0000*\\u0000_retrieveOptions\":[]}\n \n Charge Info: \n{\"\\u0000*\\u0000_opts\":{\"headers\":[],\"apiKey\":\"sk_test_NYIpPjs6gbmuogdwUuJ8She4\"},\"\\u0000*\\u0000_values\":{\"id\":\"ch_1CXQVIKmGdRDZlHSB9JHc7o6\",\"object\":\"charge\",\"amount\":1500,\"amount_refunded\":0,\"application\":null,\"application_fee\":null,\"balance_transaction\":\"txn_1CXQVJKmGdRDZlHSKXNwZTUC\",\"captured\":true,\"created\":1527672120,\"currency\":\"usd\",\"customer\":\"cus_CxLBf86vTofKeu\",\"description\":null,\"destination\":null,\"dispute\":null,\"failure_code\":null,\"failure_message\":null,\"fraud_details\":[],\"invoice\":null,\"livemode\":false,\"metadata\":{},\"on_behalf_of\":null,\"order\":null,\"outcome\":{},\"paid\":true,\"receipt_email\":null,\"receipt_number\":null,\"refunded\":false,\"refunds\":{},\"review\":null,\"shipping\":null,\"source\":{},\"source_transfer\":null,\"statement_descriptor\":null,\"status\":\"succeeded\",\"transfer_group\":null},\"\\u0000*\\u0000_unsavedValues\":{},\"\\u0000*\\u0000_transientValues\":{},\"\\u0000*\\u0000_retrieveOptions\":[]}', 15, 1527672108, '20180510', 1527672108, 'no', 0),
(11, 3, 7, 'Paypal', 'due', 'none', 25, 1527743164, '', 0, '', 0),
(12, 2, 13, 'Stripe', 'paid', 'User Info: \n{\"\\u0000*\\u0000_opts\":{\"headers\":[],\"apiKey\":\"sk_test_NYIpPjs6gbmuogdwUuJ8She4\"},\"\\u0000*\\u0000_values\":{\"id\":\"cus_CypmvgOKdcuXS8\",\"object\":\"customer\",\"account_balance\":0,\"created\":1528016564,\"currency\":null,\"default_source\":\"card_1CYs6gKmGdRDZlHSZnAhEeYN\",\"delinquent\":false,\"description\":null,\"discount\":null,\"email\":\"customer.shop@gmail.com\",\"invoice_prefix\":\"A2955CE\",\"livemode\":false,\"metadata\":{},\"shipping\":null,\"sources\":{},\"subscriptions\":{}},\"\\u0000*\\u0000_unsavedValues\":{},\"\\u0000*\\u0000_transientValues\":{},\"\\u0000*\\u0000_retrieveOptions\":[]}\n \n Charge Info: \n{\"\\u0000*\\u0000_opts\":{\"headers\":[],\"apiKey\":\"sk_test_NYIpPjs6gbmuogdwUuJ8She4\"},\"\\u0000*\\u0000_values\":{\"id\":\"ch_1CYs6sKmGdRDZlHSuw6LMZos\",\"object\":\"charge\",\"amount\":1500,\"amount_refunded\":0,\"application\":null,\"application_fee\":null,\"balance_transaction\":\"txn_1CYs6sKmGdRDZlHSuLIyXJWG\",\"captured\":true,\"created\":1528016566,\"currency\":\"usd\",\"customer\":\"cus_CypmvgOKdcuXS8\",\"description\":null,\"destination\":null,\"dispute\":null,\"failure_code\":null,\"failure_message\":null,\"fraud_details\":[],\"invoice\":null,\"livemode\":false,\"metadata\":{},\"on_behalf_of\":null,\"order\":null,\"outcome\":{},\"paid\":true,\"receipt_email\":null,\"receipt_number\":null,\"refunded\":false,\"refunds\":{},\"review\":null,\"shipping\":null,\"source\":{},\"source_transfer\":null,\"statement_descriptor\":null,\"status\":\"succeeded\",\"transfer_group\":null},\"\\u0000*\\u0000_unsavedValues\":{},\"\\u0000*\\u0000_transientValues\":{},\"\\u0000*\\u0000_retrieveOptions\":[]}', 15, 1528016552, '20180612', 1528016552, 'no', 0),
(13, 2, 15, 'Stripe', 'paid', 'User Info: \n{\"\\u0000*\\u0000_opts\":{\"headers\":[],\"apiKey\":\"sk_test_NYIpPjs6gbmuogdwUuJ8She4\"},\"\\u0000*\\u0000_values\":{\"id\":\"cus_CzwzUsnuVldUTd\",\"object\":\"customer\",\"account_balance\":0,\"created\":1528274022,\"currency\":null,\"default_source\":\"card_1CZx5HKmGdRDZlHS2t6FNVNa\",\"delinquent\":false,\"description\":null,\"discount\":null,\"email\":\"georgiaray@gmail.com\",\"invoice_prefix\":\"3F6FB06\",\"livemode\":false,\"metadata\":{},\"shipping\":null,\"sources\":{},\"subscriptions\":{}},\"\\u0000*\\u0000_unsavedValues\":{},\"\\u0000*\\u0000_transientValues\":{},\"\\u0000*\\u0000_retrieveOptions\":[]}\n \n Charge Info: \n{\"\\u0000*\\u0000_opts\":{\"headers\":[],\"apiKey\":\"sk_test_NYIpPjs6gbmuogdwUuJ8She4\"},\"\\u0000*\\u0000_values\":{\"id\":\"ch_1CZx5QKmGdRDZlHSeqGVQWeW\",\"object\":\"charge\",\"amount\":1500,\"amount_refunded\":0,\"application\":null,\"application_fee\":null,\"balance_transaction\":\"txn_1CZx5QKmGdRDZlHStPMP95rN\",\"captured\":true,\"created\":1528274024,\"currency\":\"usd\",\"customer\":\"cus_CzwzUsnuVldUTd\",\"description\":null,\"destination\":null,\"dispute\":null,\"failure_code\":null,\"failure_message\":null,\"fraud_details\":[],\"invoice\":null,\"livemode\":false,\"metadata\":{},\"on_behalf_of\":null,\"order\":null,\"outcome\":{},\"paid\":true,\"receipt_email\":null,\"receipt_number\":null,\"refunded\":false,\"refunds\":{},\"review\":null,\"shipping\":null,\"source\":{},\"source_transfer\":null,\"statement_descriptor\":null,\"status\":\"succeeded\",\"transfer_group\":null},\"\\u0000*\\u0000_unsavedValues\":{},\"\\u0000*\\u0000_transientValues\":{},\"\\u0000*\\u0000_retrieveOptions\":[]}', 15, 1528274007, '20180613', 1528274007, 'no', 0),
(14, 3, 16, 'Stripe', 'paid', 'User Info: \n{\"\\u0000*\\u0000_opts\":{\"headers\":[],\"apiKey\":\"sk_test_NYIpPjs6gbmuogdwUuJ8She4\"},\"\\u0000*\\u0000_values\":{\"id\":\"cus_Czx9Z1ME9I52Oj\",\"object\":\"customer\",\"account_balance\":0,\"created\":1528274615,\"currency\":null,\"default_source\":\"card_1CZxErKmGdRDZlHS2ryYMyAq\",\"delinquent\":false,\"description\":null,\"discount\":null,\"email\":\"lee@gmail.com\",\"invoice_prefix\":\"845AF91\",\"livemode\":false,\"metadata\":{},\"shipping\":null,\"sources\":{},\"subscriptions\":{}},\"\\u0000*\\u0000_unsavedValues\":{},\"\\u0000*\\u0000_transientValues\":{},\"\\u0000*\\u0000_retrieveOptions\":[]}\n \n Charge Info: \n{\"\\u0000*\\u0000_opts\":{\"headers\":[],\"apiKey\":\"sk_test_NYIpPjs6gbmuogdwUuJ8She4\"},\"\\u0000*\\u0000_values\":{\"id\":\"ch_1CZxEzKmGdRDZlHSiZBBQbFq\",\"object\":\"charge\",\"amount\":2500,\"amount_refunded\":0,\"application\":null,\"application_fee\":null,\"balance_transaction\":\"txn_1CZxEzKmGdRDZlHSXQWkv6Wi\",\"captured\":true,\"created\":1528274617,\"currency\":\"usd\",\"customer\":\"cus_Czx9Z1ME9I52Oj\",\"description\":null,\"destination\":null,\"dispute\":null,\"failure_code\":null,\"failure_message\":null,\"fraud_details\":[],\"invoice\":null,\"livemode\":false,\"metadata\":{},\"on_behalf_of\":null,\"order\":null,\"outcome\":{},\"paid\":true,\"receipt_email\":null,\"receipt_number\":null,\"refunded\":false,\"refunds\":{},\"review\":null,\"shipping\":null,\"source\":{},\"source_transfer\":null,\"statement_descriptor\":null,\"status\":\"succeeded\",\"transfer_group\":null},\"\\u0000*\\u0000_unsavedValues\":{},\"\\u0000*\\u0000_transientValues\":{},\"\\u0000*\\u0000_retrieveOptions\":[]}', 25, 1528274599, '20180614', 1528274600, 'no', 0),
(15, 4, 17, 'Stripe', 'paid', 'User Info: \n{\"\\u0000*\\u0000_opts\":{\"headers\":[],\"apiKey\":\"sk_test_NYIpPjs6gbmuogdwUuJ8She4\"},\"\\u0000*\\u0000_values\":{\"id\":\"cus_CzxyZtzTluDcVG\",\"object\":\"customer\",\"account_balance\":0,\"created\":1528277707,\"currency\":null,\"default_source\":\"card_1CZy2jKmGdRDZlHSPEsoHOf8\",\"delinquent\":false,\"description\":null,\"discount\":null,\"email\":\"larrypena@gmail.com\",\"invoice_prefix\":\"E034D67\",\"livemode\":false,\"metadata\":{},\"shipping\":null,\"sources\":{},\"subscriptions\":{}},\"\\u0000*\\u0000_unsavedValues\":{},\"\\u0000*\\u0000_transientValues\":{},\"\\u0000*\\u0000_retrieveOptions\":[]}\n \n Charge Info: \n{\"\\u0000*\\u0000_opts\":{\"headers\":[],\"apiKey\":\"sk_test_NYIpPjs6gbmuogdwUuJ8She4\"},\"\\u0000*\\u0000_values\":{\"id\":\"ch_1CZy2rKmGdRDZlHSC58ffXbO\",\"object\":\"charge\",\"amount\":3500,\"amount_refunded\":0,\"application\":null,\"application_fee\":null,\"balance_transaction\":\"txn_1CZy2rKmGdRDZlHSUB0evIC0\",\"captured\":true,\"created\":1528277709,\"currency\":\"usd\",\"customer\":\"cus_CzxyZtzTluDcVG\",\"description\":null,\"destination\":null,\"dispute\":null,\"failure_code\":null,\"failure_message\":null,\"fraud_details\":[],\"invoice\":null,\"livemode\":false,\"metadata\":{},\"on_behalf_of\":null,\"order\":null,\"outcome\":{},\"paid\":true,\"receipt_email\":null,\"receipt_number\":null,\"refunded\":false,\"refunds\":{},\"review\":null,\"shipping\":null,\"source\":{},\"source_transfer\":null,\"statement_descriptor\":null,\"status\":\"succeeded\",\"transfer_group\":null},\"\\u0000*\\u0000_unsavedValues\":{},\"\\u0000*\\u0000_transientValues\":{},\"\\u0000*\\u0000_retrieveOptions\":[]}', 35, 1528277691, '20180615', 1528277692, 'no', 0),
(16, 5, 18, 'Stripe', 'paid', 'User Info: \n{\"\\u0000*\\u0000_opts\":{\"headers\":[],\"apiKey\":\"sk_test_NYIpPjs6gbmuogdwUuJ8She4\"},\"\\u0000*\\u0000_values\":{\"id\":\"cus_CzyDdeiAUUEPil\",\"object\":\"customer\",\"account_balance\":0,\"created\":1528278604,\"currency\":null,\"default_source\":\"card_1CZyHCKmGdRDZlHS66s0Ctkk\",\"delinquent\":false,\"description\":null,\"discount\":null,\"email\":\"noraharris@gmail.com\",\"invoice_prefix\":\"A0030FC\",\"livemode\":false,\"metadata\":{},\"shipping\":null,\"sources\":{},\"subscriptions\":{}},\"\\u0000*\\u0000_unsavedValues\":{},\"\\u0000*\\u0000_transientValues\":{},\"\\u0000*\\u0000_retrieveOptions\":[]}\n \n Charge Info: \n{\"\\u0000*\\u0000_opts\":{\"headers\":[],\"apiKey\":\"sk_test_NYIpPjs6gbmuogdwUuJ8She4\"},\"\\u0000*\\u0000_values\":{\"id\":\"ch_1CZyHJKmGdRDZlHSbdCk7oty\",\"object\":\"charge\",\"amount\":4500,\"amount_refunded\":0,\"application\":null,\"application_fee\":null,\"balance_transaction\":\"txn_1CZyHKKmGdRDZlHSohojhb9q\",\"captured\":true,\"created\":1528278605,\"currency\":\"usd\",\"customer\":\"cus_CzyDdeiAUUEPil\",\"description\":null,\"destination\":null,\"dispute\":null,\"failure_code\":null,\"failure_message\":null,\"fraud_details\":[],\"invoice\":null,\"livemode\":false,\"metadata\":{},\"on_behalf_of\":null,\"order\":null,\"outcome\":{},\"paid\":true,\"receipt_email\":null,\"receipt_number\":null,\"refunded\":false,\"refunds\":{},\"review\":null,\"shipping\":null,\"source\":{},\"source_transfer\":null,\"statement_descriptor\":null,\"status\":\"succeeded\",\"transfer_group\":null},\"\\u0000*\\u0000_unsavedValues\":{},\"\\u0000*\\u0000_transientValues\":{},\"\\u0000*\\u0000_retrieveOptions\":[]}', 45, 1528278588, '20180616', 1528278588, 'no', 0);

ALTER TABLE `package_payment`
  ADD PRIMARY KEY (`package_payment_id`);

ALTER TABLE `package_payment`
  MODIFY `package_payment_id` int(11) NOT NULL AUTO_INCREMENT, AUTO_INCREMENT=17;


ALTER TABLE `user` ADD `product_upload` INT NOT NULL AFTER `wallet`, ADD `package_info` LONGTEXT NOT NULL AFTER `product_upload`;


INSERT INTO `ui_settings` (`ui_settings_id`, `type`, `value`) VALUES (NULL, 'customer_product_show', 'ok');
INSERT INTO `ui_settings` (`ui_settings_id`, `type`, `value`) VALUES (NULL, 'no_of_customer_product', '6');

INSERT INTO `general_settings` (`general_settings_id`, `type`, `value`) VALUES (NULL, 'bundle_product_activation', 'ok');
INSERT INTO `general_settings` (`general_settings_id`, `type`, `value`) VALUES (NULL, 'customer_product_activation', 'ok');